sectionKey,sectionTitle,id,idxLabel,brand,price,imgSrc,artsyName,artsyDesc,cuePalette,cueSurface,cueStructure,cueAccent
OUTER,Outer,item-01,[01],La DoubleJ,1560 EUR,/mock/OUTER/P01130772 Background Removed.png,Floral Cascade,"An expanse of pure silk, rendered in shades of russet and cream, defines this fluid form. The material drapes with a satin sheen, gathering at the waist before falling into a wide, curvilinear silhouette.","Russet, Teal, Cream","Satin Sheen, Fluid Drape","Wide Leg, Gathered Waist","Curvilinear Motif, Bold Border"
OUTER,Outer,item-02,[02],Prada,3180 EUR,/mock/OUTER/P01136185 Background Removed.png,Refined Simplicity,"Polished calf leather, deeply hued in ebony, conforms to a streamlined form. Fine grain and subtle stitching detail a low profile structure, its edges burnished with use.","Ebony, Charcoal","Polished Leather, Fine Grain","Low Profile, Streamlined Form","Subtle Stitching, Burnished Edge"
OUTER,Outer,item-03,[03],Danielle Frankel,4220 EUR,/mock/OUTER/P01139660 Background Removed.png,Ephemeral Bloom,"A diffuse volume is achieved through layers of weightless tulle and acetate blends. The structure is anchored by a ruched bodice, presenting a soft focus aesthetic in shades of ivory and pale pearl.","Ivory, Pale Pearl","Weightless Tulle, Soft Focus","Ruched Bodice, Layered Skirt","Diffuse Volume, Delicate Gathering"
OUTER,Outer,item-04,[04],Faithfull,2540 EUR,/mock/OUTER/P01140007 Background Removed.png,Desert Horizon,"Woven from a textured linen and rayon blend in sandstone tones, this open design presents a defined waist. Horn buttons and braided ties fasten a V-neckline over a matte finish.","Khaki, Sandstone","Textured Linen, Matte Finish","Defined Waist, Open Front","Horn Buttons, Braided Ties"
OUTER,Outer,item-05,[05],Valentino Garavani,3310 EUR,/mock/OUTER/P01164178 Background Removed.png,Coastal Echo,"Woven leather in shades of sky blue and beige creates a textured surface, accented by studded details. An ankle strap secures the form, balanced over a wedge heel bound with rope.","Sky Blue, Beige","Woven Leather, Textured Sole","Ankle Strap, Wedge Heel","Studded Detail, Rope Binding"
OUTER,Outer,item-06,[06],Jean Paul Gaultier,3110 EUR,/mock/OUTER/P01169587 Background Removed.png,Optical Illusion,"Fine mesh, rippled in texture and smoky in hue, clings to a close silhouette. A subtle, wavy pattern is embedded within the translucent material, tracing the fitted form.","Charcoal, Smoke, Silvered Grey","Fine Mesh, Rippled Texture, Sheer","Close Silhouette, Fitted Form, Linear","Wavy Pattern, Logo Script, Delicate"
OUTER,Outer,item-07,[07],Amina Muaddi,4250 EUR,/mock/OUTER/P01057219 Background Removed.png,Bronze Embellishment,"The polished sheen of satin, rendered in burnt sienna, defines a sculpted curve. A high heel and slingback configuration support the streamlined form, embellished with crystalline details.","Burnt Sienna, Copper, Tawny","Satin Sheen, Polished Leather, Smooth","Slingback Curve, High Heel, Streamlined","Crystalline Detail, Bow Motif, Metallic"
UPPER,Upper,item-08,[08],Celine Eyewear,3500 EUR,/mock/UPPER/P01107824 Background Removed.png,Chromatic Outline,"Glossy acetate, smoothly finished in rose quartz, frames a bold oval contour. Reflective surfaces emphasize a minimalist geometric form, punctuated by a solid hue.","Fuchsia, Magenta, Rose Quartz","Glossy Acetate, Smooth Finish, Reflective","Oval Frame, Bold Contour, Rounded","Solid Hue, Geometric Form, Minimalist"
UPPER,Upper,item-09,[09],Frescobol Carioca,3010 EUR,/mock/UPPER/P01119173 Background Removed.png,Coastal Drift,"Woven from natural fiber canvas in shades of ecru and sand, this structure maintains a relaxed profile. A jute sole and woven trim establish a casual aesthetic, emphasizing its low form.","Ecru, Sand, Linen White","Canvas Texture, Natural Fiber, Matte","Low Profile, Slip On, Relaxed","Jute Sole, Woven Trim, Casual"
UPPER,Upper,item-10,[10],Jacquemus,1670 EUR,/mock/UPPER/P01123965 Background Removed.png,Barely There,"Translucent mesh, a blend of viscose, cotton, and polyester, conforms to the exposed form. Delicate straps secure a fluid structure, accentuated by minimal coverage and subdued tones.","Ebony, Shadow, Jet","Translucent Mesh, Fine Knit, Soft","Sculpted Cups, Minimal Coverage, Fluid","Strappy Detail, Exposed Form, Subdued"
UPPER,Upper,item-11,[11],Yeprem,1840 EUR,/mock/UPPER/P01129258 Background Removed.png,Gilded Arc,"A confluence of eighteen-karat white and yellow gold forms an open casing, strung with a scatter of carefully angled diamonds. The stones, a composition of round and marquise cuts, possess a combined weight and capture a pale gold effulgence, while delicate lines from the fine chain accentuate the form's inherent smoothness.","Pale Gold, Ivory","Bright Polish, Smooth Curve","Open Casing, Delicate Line","Diamond Scatter, Fine Chain"
UPPER,Upper,item-12,[12],Stone and Strand,3630 EUR,/mock/UPPER/P01136626 Background Removed.png,Lunar Bloom,"Ten-karat gold, bearing a subtle grain, is shaped into a minimalist pendant suspended from a fine link. Minute diamonds are closely set against the surface, their dispersed presence offering a faint dustiness.","Rose Gold, Pearl","Subtle Grain, Soft Sheen","Minimalist Pendant, Fine Link","Diamond Dust, Delicate Loop"
UPPER,Upper,item-13,[13],McQueen,1570 EUR,/mock/UPPER/P01142567 Background Removed.png,Sculpted Silhouette,"Dense wool, subtly informed by elastane, constructs a defined form, retaining structure through a fitted waist and defined shoulders. Button detailing and a structured lapel mark the surface, its matte finish absorbing available light.","Jet, Charcoal","Woven Texture, Matte Finish","Defined Shoulder, Fitted Waist","Button Detailing, Structured Lapel"
UPPER,Upper,item-14,[14],Brunello Cucinelli,3510 EUR,/mock/UPPER/P00912547 Background Removed.png,Terra Lines,"A construction of cotton and polyamide delivers a crisp texture, rendered in stripes of rust and cream. Relaxed volume defines its open form, and a button placket runs vertically along its center.","Rust, Cream","Crisp Cotton, Vertical Stripe","Relaxed Volume, Short Sleeve","Contrast Trim, Button Placket"
LOWER,Lower,item-15,[15],Faithfull,1910 EUR,/mock/LOWER/P01115286 Background Removed.png,Coastal Drift,"Viscose, cotton, nylon, and elastane combine in a ribbed knit, creating an object with a softly textured surface displaying a vibrant striped pattern. A polo collar and buttoned placket define it, while the form possesses a boxy dimensionality.","Coral, Ochre","Ribbed Knit, Soft Texture","Boxy Fit, Polo Collar","Striped Pattern, Buttoned Placket"
LOWER,Lower,item-16,[16],Jacquemus,4300 EUR,/mock/LOWER/P01115467 Background Removed.png,Crisp White Geometry,"Clean poplin, composed entirely of cotton, falls in a boxy silhouette with broad shoulders. A concealed button placket maintains the form’s smoothness and is cinched at the waist with a belt.","Ivory, Chalk, Stone","Clean Poplin, Subtle Sheen","Boxy Silhouette, Broad Shoulder","Golden Button, Sharp Collar"
LOWER,Lower,item-17,[17],Loro Piana,1680 EUR,/mock/LOWER/P01115533 Background Removed.png,Amber Ribbed Descent,"Entirely of cashmere, a cardigan draped in caramel and ochre tones exhibits a textural knit with a warm pile. Horn buttons secure a relaxed form, while side slit pockets are integrated into the structure.","Caramel, Ochre, Burnt Sienna","Textured Knit, Warm Pile","Relaxed Cardigan, Shawl Collar","Horn Buttons, Subtle Texture"
LOWER,Lower,item-18,[18],Dior Eyewear,840 EUR,/mock/LOWER/P01118173 Background Removed.png,Reflective Night Vision,"Smooth acetate constructs a cat-eye frame, tinted to a dark shade and accentuated by gold studs. The angularity of the brow extends to the polished temples.","Jet, Graphite, Charcoal","Smooth Acetate, Dark Tint","Cat Eye Frame, Angular Brow","Gold Studs, Polished Temples"
LOWER,Lower,item-19,[19],JW Anderson,1740 EUR,/mock/LOWER/P01150121 Background Removed.png,Silvered Surface Tension,"Suede, in shades of pearl and stone, forms a low profile, the rounded toe complemented by a delicate strap. Minute crystal embellishments sparsely cover the surface, providing a subtle iridescence.","Pearl, Stone, Taupe","Suede Grain, Subtle Iridescence","Low Profile, Rounded Toe","Crystal Embellishment, Delicate Strap"
LOWER,Lower,item-20,[20],Plan C,3040 EUR,/mock/LOWER/P01091749 Background Removed.png,Cascading Obsidian Waves,"Supple crepe, wholly of viscose, flows in a columnar form—a dark and fluid drape punctuated by ruffled detailing at the waist. The surface absorbs nearly all light, appearing as a single, unbroken depth.","Ebony, Ink, Raven","Supple Crepe, Fluid Drape","Off Shoulder, Columnar Form","Ruffled Neckline, Soft Volume"
SILHOUETTE,Silhouette,item-21,[21],Vince,1360 EUR,/mock/SILHOUETTE/P01085154 Background Removed.png,Linear Descent,"Dense knit forms a long, streamlined silhouette, presented in shades of graphite and ebony. Vertical texture defines the surface, subtly articulated by delicate frills at the edges and smooth, dark material composition containing cotton, polyester, and elastane.","Onyx, Charcoal, Graphite","Fine Ribbing, Dense Knit","Long Line, Streamlined Cut","Vertical Texture, Minimal Form"
SILHOUETTE,Silhouette,item-22,[22],Loro Piana,2520 EUR,/mock/SILHOUETTE/P01107131 Background Removed.png,Cashmere Cloud,"An expanse of soft cashmere in ecru and stone provides a relaxed form. The subtle texture of the pile engages a rounded neck, while cable knit patterns create visual interest in the warm, neutral tone.","Ecru, Oat, Stone","Soft Pile, Subtle Texture","Relaxed Fit, Rounded Neck","Cable Knit, Warm Tone"
SILHOUETTE,Silhouette,item-23,[23],Loewe,870 EUR,/mock/SILHOUETTE/P01112238 Background Removed.png,Retro Motion,"Panels of ivory suede and white technical fabric compose a low profile form, accented by leather detailing. A curved sole extends upward, defined by grooved rubber that curls into a segmented structure.","Ivory, Cream, Tan","Smooth Suede, Clean Canvas","Low Profile, Curved Sole","Gum Rubber, Wavy Detail"
SILHOUETTE,Silhouette,item-24,[24],McQueen,2480 EUR,/mock/SILHOUETTE/P01145257 Background Removed.png,Iridescent Cascade,"A delicate arc of polished facets and a flowing chain suspend clustered elements. Silver and gold links bind the faux pearls, creating a gradated descent of shimmering material.","Cream, Champagne, Silver","Polished Facets, Fluid Chain","Gradated Descent, Delicate Arc","Crystallized Clusters, Gilded Links"
SILHOUETTE,Silhouette,item-25,[25],Loro Piana,2030 EUR,/mock/SILHOUETTE/P01146483 Background Removed.png,Urban Silhouette,"Matte twill structured into a rounded crown and subtly piped, presents a dark surface. An embroidered emblem anchors a slate and ivory color scheme in a resilient polyethylene membrane.","Charcoal, Slate, Ivory","Matte Twill, Crisp Brim","Rounded Crown, Structured Visor","Embroidered Emblem, Subtle Piping"
GROUND,Ground,item-26,[26],Oscar de la Renta,2660 EUR,/mock/GROUND/P01115803%20Background%20Removed.png,Botanical Reverie,"Voluminous sleeves give shape to an indigo and porcelain surface, exhibiting flowing silk. A fitted waist and delicate butterfly detailing accentuate the cotton-blend poplin layered with full cotton lining.","Indigo, Porcelain, Verdant","Flowing Silk, Soft Drape","Voluminous Sleeves, Fitted Waist","Floral Motif, Butterfly Detail"
GROUND,Ground,item-27,[27],Jil Sander,1330 EUR,/mock/GROUND/P01126050 Background Removed.png,Minimalist Shelter,"Structured in a boxy form, a high neck and angular collar build an umber and chocolate silhouette. Geometric seams define the smooth cotton surface in an artful, minimalist composition.","Umber, Chocolate, Taupe","Smooth Cotton, Matte Finish","Boxy Form, High Neck","Geometric Seams, Angular Collar"
GROUND,Ground,item-28,[28],Bottega Veneta,1810 EUR,/mock/GROUND/P01130519 Background Removed.png,Sculpted Terrain,"Supple calf leather forms a streamlined profile held aloft by a chunky sole. Lugged rubber treads grip a dark surface, accentuated by elastic gussets and a subtle polished sheen.","Ebony, Jet, Shadow","Supple Leather, Polished Sheen","Streamlined Profile, Chunky Sole","Elastic Gussets, Rugged Tread"
GROUND,Ground,item-29,[29],Valentino,1000 EUR,/mock/GROUND/P01139054 Background Removed.png,Crimson Aperture,"Silk crepe drapes into a slightly a-line silhouette, presented in saturated terracotta and russet tones. Golden hardware accents folded pockets on this flowing form.","Scarlet, Terracotta, Russet","Supple Crepe, Matte Finish","Slightly A-Line, Boxy Silhouette","Golden Hardware, Folded Pockets"
GROUND,Ground,item-30,[30],Miu Miu,3380 EUR,/mock/GROUND/P01163665 Background Removed.png,Pearlized Constellation,"Velvet pile and patent leather combine in a curved structure, anchored by a block heel. Polished studs and chain embellishments decorate the smooth, dark exterior of this slingback form.","Onyx, Pearl, Silver","Velvet Pile, Patent Leather","Curved Slingback, Block Heel","Chain Embellishment, Polished Studs"
GROUND,Ground,item-31,[31],Rabanne,1990 EUR,/mock/GROUND/P01168094 Background Removed.png,Ivory Reverie,"A pale expanse of polyester defines this form, possessing a weightless quality suggestive of drifting vapor. Delicate scalloped edges and fine eyelet detailing trace the column silhouette, while a buttoned placket anchors the structure with a subtle linearity.","Cream, Pearl, Vanilla","Delicate Scallop, Fine Eyelet","Column Silhouette, Gentle Gather","Buttoned Placket, Ruffled Hem"
GROUND,Ground,item-32,[32],Miu Miu,1190 EUR,/mock/GROUND/P01086690 Background Removed.png,Amethyst Bloom,"Lustrous satin, rendered in shades of plum, forms an elevated stance with a curved platform. Strappy construction and a large bow detail create a playful tension against the polished sheen, hinting at a retro sensibility.","Plum, Lavender, Lilac","Satin Sheen, Polished Finish","Curved Platform, Elevated Stance","Bow Detail, Strappy Form"
ARTIFACTS,Artifacts,item-33,[33],Rebecca Vallance,2580 EUR,/mock/ARTIFACTS/P01127220 Background Removed.png,Pale Authority,"A boxy contour is established through a twill structure, possessing a smooth surface and a blend of polyester and viscose. Tonal buttons punctuate the front of this form, while patch pockets suggest a utilitarian grounding.","Butter, Bisque, Cream","Structured Twill, Smooth Finish","Boxy Contour, Double Breasted","Buttoned Front, Patch Pockets"
ARTIFACTS,Artifacts,item-34,[34],Norma Kamali,1130 EUR,/mock/ARTIFACTS/P01131706 Background Removed.png,Whispered Layers,"Semi-sheer lace and textured mesh cascade in tiered layers, creating a fluid drape with a delicate lightness. Ribbon detailing and ruffled edges accentuate the form, revealing a structure defined by elasticity and nylon.","Snow, Ivory, Chalk","Sheer Lace, Textured Mesh","Tiered Cascade, Fluid Drape","Ribbon Bow, Ruffled Edge"
ARTIFACTS,Artifacts,item-35,[35],Toteme,1990 EUR,/mock/ARTIFACTS/P01140039 Background Removed.png,Shadow Stream,"Canvas and leather converge in a streamlined profile, a study in minimalist form and contrast. Supple leather trims define the edges, while graphite and onyx tones suggest a subdued, grounded presence.","Onyx, Graphite, Coal","Canvas Texture, Leather Trim","Streamlined Profile, Low Profile","Contrast Piping, Minimalist Form"
ARTIFACTS,Artifacts,item-36,[36],Citizens of Humanity,4140 EUR,/mock/ARTIFACTS/P01145582 Background Removed.png,Indigo Wash,"Woven from a blend of cotton, this form possesses a softly worn surface and a relaxed silhouette. A boxy cut and buttoned placket contribute to its casual structure, reflecting the subtle nuances of indigo-dyed denim.","Denim Blue, Faded Indigo","Softly Worn, Distressed Finish","Relaxed Silhouette, Boxy Cut","Buttoned Placket, Patch Pocket"
ARTIFACTS,Artifacts,item-37,[37],Alexandre Vauthier,3490 EUR,/mock/ARTIFACTS/P01145719 Background Removed.png,Liquid Chrome,"A highly polished, metallic surface reflects light with an arresting sheen, forming a slouching silhouette that culminates in a pointed toe. The structure is sharply defined by a stiletto heel and secured with a zip closure.","Mirror Silver, Metallic Sheen","High Polish, Reflective Coating","Pointed Toe, Slouching Form","Stiletto Heel, Zip Closure"
ARTIFACTS,Artifacts,item-38,[38],JW Anderson,2050 EUR,/mock/ARTIFACTS/P01151263 Background Removed.png,Coral Embellishment,"Bright coral goat leather is punctuated by chunky, transparent chain links, creating a striking juxtaposition of texture and form. A low profile and slip-on style offer a casual counterpoint to the assertive chain detail.","Bright Coral, Clear Acrylic","Pebbled Leather, Smooth Finish","Slip-On Style, Low Profile","Chain Detail, Cork Sole"
ARTIFACTS,Artifacts,item-39,[39],Ruslan Baginskiy,3720 EUR,/mock/ARTIFACTS/P01151268 Background Removed.png,Golden Halo,"Woven entirely from natural straw, this circular form casts a wide shadow with its gently sloping brim. The coarse weave reveals the material’s inherent texture, suggesting a connection to the earth and its raw materials.","Wheat, Honey, Sandstone","Coarse Weave, Natural Fiber","Wide Brim, Gentle Slope","Woven Texture, Circular Form"
ARTIFACTS,Artifacts,item-40,[40],Dries Van Noten,3500 EUR,/mock/ARTIFACTS/P01121893 Background Removed.png,Floral Reverie,"A linen-blend jacquard material drapes with a subtle sheen, defining a tailored silhouette with a defined shoulder. A botanical motif is woven into the fabric, hinting at a delicate pattern within the structure.","Seafoam, Jade, Celadon","Slight Sheen, Fluid Drape","Tailored Silhouette, Defined Shoulder","Botanical Motif, Subtle Pattern"
OUTER,Outer,item-41,[41],Christopher Esber,1560 EUR,/mock/OUTER/P01078426 Background Removed.png,Solar Bloom,"A column of polyamide and elastane, possessing a liquid drape, is interrupted by an open cavity. Gathered ruches contribute to the form’s sculpted waist and are presented in shades of tangerine, ochre, and saffron.","Tangerine, Ochre, Saffron","Supple Stretch, Liquid Drape","Sculpted Waist, Column Silhouette","Gathered Ruches, Open Cavity"
OUTER,Outer,item-42,[42],Jil Sander,3180 EUR,/mock/OUTER/P01099445 Background Removed.png,Blurred Edges,"A relaxed, boxy form is created from a textured knit of alpaca wool and wool, its surface exhibiting a fuzzy pile. Subtle ribbing and a raw hemline define the edges of this structure, presented in shades of charcoal, graphite, and ash.","Charcoal, Graphite, Ash","Textured Knit, Fuzzy Pile","Relaxed Shoulders, Boxy Fit","Raw Hemline, Subtle Rib"
OUTER,Outer,item-43,[43],Christopher Esber,4220 EUR,/mock/OUTER/P01130669 Background Removed.png,Amethyst Cascade,"Fluid bias-cut jersey, smooth to the touch, defines an elongated line, supported by slender straps. An asymmetrical cut creates a dynamic interplay of form and void, appearing in the lavender, periwinkle, and lilac.","Lavender, Periwinkle, Lilac","Smooth Jersey, Fluid Bias","Slender Straps, Elongated Line","Asymmetrical Cut, Defined Waist"
OUTER,Outer,item-44,[44],Valentino Garavani,2540 EUR,/mock/OUTER/P01131309 Background Removed.png,Rose Quartz,"A minimalist form, flat in profile, is constructed from polished leather with a subtle metallic sheen. Delicate straps secure the foot, embellished with studs that catch the light, presented in blush, coral, and peach.","Blush, Coral, Peach","Metallic Sheen, Polished Leather","Flat Profile, Minimalist Form","Studded Embellishment, Delicate Straps"
OUTER,Outer,item-45,[45],Dries Van Noten,3310 EUR,/mock/OUTER/P01162560 Background Removed.png,Winter Haze,"An oversized silhouette is rendered in a textured blend of mohair and wool, the bouclé surface creating a tactile experience. A notched lapel and button closure define the structure, presented in the neutral tones of oatmeal, taupe, and stone.","Oatmeal, Taupe, Stone","Bouclé Texture, Wool Blend","Oversized Silhouette, Straight Cut","Notched Lapel, Button Closure"
OUTER,Outer,item-46,[46],Aquazzura,3110 EUR,/mock/OUTER/P01119195 Background Removed.png,Midnight Embellishment,"A pointed silhouette is constructed from bouclé fabric, exhibiting a fine glitter across its surface. A curved strap secures the form, accented by sleek hardware, presented in shades of onyx, charcoal, and jet.","Onyx, Charcoal, Jet","Textured Bouclé, Fine Glitter","Pointed Silhouette, Curved Strap","Sleek Hardware, Subtle Shine"
UPPER,Upper,item-47,[47],Blumarine,4250 EUR,/mock/UPPER/P01085106 Background Removed.png,Blush Gathering,"Viscose jersey drapes and gathers to form a ruched bodice, extending to a tiered hemline of sheer tulle. A halter neckline defines the upper structure, all rendered in the rose quartz, pale pink, and soft peach.","Rose Quartz, Pale Pink, Soft Peach","Draped Jersey, Sheer Tulle","Ruched Bodice, Tiered Hemline","Halter Neckline, Delicate Volume"
UPPER,Upper,item-48,[48],Bottega Veneta,3500 EUR,/mock/UPPER/P01124006 Background Removed.png,Sculpted Terrain,"Dark shades of brown define the exterior of this constructed form, referencing terrestrial mapping through layered paneling. Supple calf leather yields to a robust rubber composition, articulated by a weighty sole and elastic gussets that suggest articulated movement. Echoes of umber and espresso blend across the surface, suggesting geological strata.","Dark Chocolate, Espresso, Umber","Supple Leather, Polished Finish","Chunky Sole, Elastic Gussets","Stacked Heel, Defined Profile"
UPPER,Upper,item-49,[49],Valentino Garavani,3010 EUR,/mock/UPPER/P01124009 Background Removed.png,Metallic Bow,"A liquid sheen coats the metallic leather, reflecting light across the slender structure. Polished silver gives form to both the subtle fastening and an oversized bow, anchoring the delicate arrangement of straps. Platinum and pewter tones coalesce into a bright, cool presence.","Silver, Platinum, Pewter","Liquid Leather, Smooth Grain","Thong Strap, Block Heel","Oversized Bow, Polished Metal"
UPPER,Upper,item-50,[50],Brunello Cucinelli,1670 EUR,/mock/UPPER/P01124968 Background Removed.png,Earthen Traverse,"Buffed leather, in tones of stone and umber, provides a durable outer layer to this structured construction. Woven laces secure the ankle, complementing hardware with a burnished character, while a robust sole anchors the whole to the earth. Softness from wool and cashmere intersects the more rugged leather.","Stone, Umber, Flax","Buffed Leather, Corded Texture","Ankle Support, Robust Sole","Burnished Hardware, Woven Laces"
UPPER,Upper,item-51,[51],Dolce&Gabbana,1840 EUR,/mock/UPPER/P01136627 Background Removed.png,Sculpted Silhouette,"Dense, dark wool forms a structured silhouette distinguished by a high waist and wide leg. A crisp gabardine surface is defined by a pressed crease, streamlining the form, and secured with a buttoned closure. Graphite and jet hues engage in a near monochrome study.","Jet, Graphite, Charcoal","Crisp Gabardine, Clean Finish","High Waisted, Wide Leg","Buttoned Closure, Pressed Crease"
UPPER,Upper,item-52,[52],Alaïa,3630 EUR,/mock/UPPER/P01148993 Background Removed.png,Amorous Gesture,"A curved form of supple black leather suggests a contained volume, secured by twin, circumferential zippers. A slender strap provides the means of transport, while a knotted detail introduces tension, its polished hardware reflecting the surrounding darkness. The surface is a study in ebony and onyx.","Onyx, Ebony, Raven","Supple Leather, Smooth Grain","Curved Form, Slender Strap","Knotted Detail, Polished Fasteners"
UPPER,Upper,item-53,[53],Saint Laurent,1570 EUR,/mock/UPPER/P01107112 Background Removed.png,Lucent Drape,"Fluid silk satin drapes with a delicate sheen, its surface broken only by covered buttons down a loosely structured form. A self-tie collar allows for variable configuration, while the palette leans toward an expanse of ivory and pearl. Cream tones permeate the reflective material.","Ivory, Pearl, Cream","Satin Face, Fluid Sheen","Loose Silhouette, Wide Sleeves","Tie Neck, Covered Buttons"
LOWER,Lower,item-54,[54],Valentino,3510 EUR,/mock/LOWER/P01107015 Background Removed.png,Naval Authority,"The density of virgin wool composes a double-breasted form, accentuated by structured shoulders and gilded buttons. A dark palette of midnight and slate is interrupted only by glints of gold hardware and the subtle sheen of viscose, revealing layered textures within the structure. The fabric exhibits a dense weave.","Midnight, Ink, Slate","Woolen Cloth, Dense Weave","Double Breasted, Peak Lapel","Gilded Buttons, Structured Shoulders"
LOWER,Lower,item-55,[55],Gianvito Rossi,1910 EUR,/mock/LOWER/P01107019 Background Removed.png,Crimson Reverie,"Smooth calf leather in a cardinal hue defines a low-profile structure, secured with delicate hardware and a buckled ankle closure. A rounded toe offers a softened edge to the substantial form while polished surfaces reflect a saturated red. The warm tones embody a concentrated energy.","Cardinal, Cherry, Scarlet","Smooth Calf, Polished Finish","Low Profile, Rounded Toe","Buckled Ankle, Delicate Hardware"
LOWER,Lower,item-56,[56],Chloé,4300 EUR,/mock/LOWER/P01114282 Background Removed.png,Winter Bloom,"A columnar form of wool and cashmere possesses a delicate open knit, revealing a nuanced surface of textural stitches. Chalk and ivory create a lightness, contrasted by the subtle weight of the material, enhanced by a ruffled shoulder detail. A fine gauge lends a delicate sheen.","Ivory, Chalk, Snow","Open Knit, Fine Gauge","Columnar Silhouette, Long Line","Ruffled Shoulders, Delicate Sheen"
LOWER,Lower,item-57,[57],Christopher Esber,1680 EUR,/mock/LOWER/P01114319 Background Removed.png,Ember Cascade,"Slender leather straps support a sculpted heel, accented with the raw, textured edges of fringed detail. Buckled closures secure the construction, in shades of umber and russet, which evoke earthy tones. A supple leather surface denotes a sense of relaxed fluidity.","Chocolate, Umber, Russet","Supple Leather, Raw Edge","Slender Strap, Sculpted Heel","Fringed Detail, Buckled Closure"
LOWER,Lower,item-58,[58],Jimmy Choo,840 EUR,/mock/LOWER/P01115823 Background Removed.png,Citrus Horizon,"Woven fibers of orange and terracotta converge in a substantial form, supported by a raised, cork foundation. Metallic silver hardware punctuates the surface, a geometric counterpoint to the broad expanse of the structure, suggesting a deliberate stride.","Terracotta, Tangerine, Coral","Woven Raffia, Cork Base","Platform Sole, Broad Stride","Metallic Buckle, Geometric Detail"
LOWER,Lower,item-59,[59],Brunello Cucinelli,1740 EUR,/mock/LOWER/P01139969 Background Removed.png,Gilded Ascent,"Burnished metallic leather, possessing a supple grain, forms an enveloping structure around the foot. Knit trims and faceted brass beads, catching the light with a honeyed glow, trace angular lines along the surface, secured by woven lacings.","Gold Leaf, Bronze, Honey","Metallic Leather, Supple Grain","Chunky Sole, Ankle Wrap","Woven Laces, Angular Profile"
LOWER,Lower,item-60,[60],Roxanne First,3040 EUR,/mock/LOWER/P01107862 Background Removed.png,Ephemeral Bloom,"Rose gold, alloyed to fourteen karats, descends in a delicate chain, culminating in a cluster of pavé-set pink sapphires. The stones, each a fraction of a carat, emit a pale luminescence against the polished facets of the metal.","Rose, Garnet, Pale Gold","Polished Facets, Delicate Chain","Linear Descent, Central Focus","Gemstone Cluster, Fine Link"
SILHOUETTE,Silhouette,item-61,[61],Gabriela Hearst,1360 EUR,/mock/SILHOUETTE/P01146510 Background Removed.png,Winter Cloud,"An expanse of ivory cashmere, loosely knit, yields a voluminous form with a relaxed, dropped shoulder. The material possesses a soft pile, its surface subtly textured, suggesting warmth and ease.","Cream, Chalk, Ivory","Lofty Knit, Soft Pile","Oversized Volume, Dropped Shoulder","Textured Weave, Relaxed Silhouette"
SILHOUETTE,Silhouette,item-62,[62],Christopher Esber,2520 EUR,/mock/SILHOUETTE/P01155597 Background Removed.png,Twisted Orbit,"Jet-black cotton jersey is sculpted into an asymmetric drape, the fabric possessing a subtle sheen. A gold-toned embellishment, precisely positioned, anchors the minimalist form with a metallic accent.","Jet, Onyx, Charcoal","Smooth Jersey, Subtle Sheen","Sculpted Twist, Asymmetric Drape","Metallic Hardware, Minimalist Form"
SILHOUETTE,Silhouette,item-63,[63],Lemaire,870 EUR,/mock/SILHOUETTE/P01158857 Background Removed.png,Shadowed Ease,"Dark leather, treated to a supple finish, conforms to a streamlined profile. A low heel and rounded toe contribute to the overall smoothness, the surface marked only by clean, deliberate seams.","Ebony, Graphite, Umber","Pebbled Leather, Supple Finish","Streamlined Profile, Low Heel","Rounded Toe, Clean Seam"
SILHOUETTE,Silhouette,item-64,[64],The Attico,2480 EUR,/mock/SILHOUETTE/P01159255 Background Removed.png,Bronze Embrace,"Copper-toned goat leather, polished to a sheen, forms delicate straps that trace the foot and ascend the leg. The flat sole provides a grounding base to the intricate lacework, creating a sculpted bed for the foot.","Terracotta, Copper, Rust","Metallic Leather, Polished Sheen","Delicate Strap, Flat Sole","Lace-Up Detail, Sculpted Bed"
SILHOUETTE,Silhouette,item-65,[65],Loro Piana,2030 EUR,/mock/SILHOUETTE/P01160410 Background Removed.png,Woven Grid Descent,"Silk sablé, a pale beige hue, is rendered into a series of fine pleats, creating vertical channels that define the form. A subtle checkering pattern is woven into the fabric, lending a delicate texture to the linear descent.","Cream, Russet, Pale Beige","Fine Pleats, Textured Weave","Linear Descent, Vertical Channels","Subtle Checkering, Delicate Lines"
SILHOUETTE,Silhouette,item-66,[66],Gucci,2660 EUR,/mock/SILHOUETTE/P01166002 Background Removed.png,Botanical Reverie,"Lustrous silk twill, saturated in burgundy, serves as a flat plane for a dense arrangement of floral motifs. Insect forms intertwine with lush blooms, creating a vibrant surface alive with color and detail.","Burgundy, Emerald, Rose","Satin Sheen, Floral Print","Dense Arrangement, Flat Plane","Insect Motifs, Lush Bloom"
SILHOUETTE,Silhouette,item-67,[67],Balenciaga,1330 EUR,/mock/SILHOUETTE/P00996469 Background Removed.png,Neutral Horizon,"A blend of cotton and polyester creates a textured knit, forming a relaxed silhouette with subtle ribbing. A vertical zip closure defines the front of the structure, offering a minimalist form in shades of ivory and stone.","Ivory, Chalk, Stone","Textured Knit, Soft Pile","Relaxed Silhouette, Vertical Zip","Subtle Ribbing, Minimalist Form"
GROUND,Ground,item-68,[68],The Attico,1810 EUR,/mock/GROUND/P01106285 Background Removed.png,Emerald Radiance,"Metallic green leather forms a sharply defined structure, the surface reflecting light with a high gloss. Ankle straps, secured by buckles, bisect the open toe, creating a tension between constraint and exposure, while the cylindrical heels rise with a lacquered finish.","Chartreuse, Lime, Jade","Metallic Sheen, High Gloss","Sculpted Heel, Open Toe","Ankle Strap, Bold Curve"
GROUND,Ground,item-69,[69],Etro,1000 EUR,/mock/GROUND/P01125177 Background Removed.png,Paisley Cascade,"A slim, elongated form is draped in pure silk jacquard, its surface alive with a repeating motif in shades of ebony, gold, and sapphire. Fringed edges define the perimeter of the material, accentuating its fluid drape and intricate detail.","Ebony, Gold, Sapphire","Silk Jacquard, Fluid Drape","Elongated Form, Repeating Motif","Intricate Detail, Fringed Edges"
GROUND,Ground,item-70,[70],Blumarine,3380 EUR,/mock/GROUND/P01128250 Background Removed.png,Autumnal Embrace,"Dense shearling, a combination of chestnut, tawny, and umber tones, creates a shaggy texture and rounded silhouette. An open front reveals a polyester lining beneath the substantial pile, contrasting with the hook-fastening closure.","Chestnut, Tawny, Umber","Dense Pile, Shaggy Texture","Rounded Silhouette, Compact Form","High Collar, Open Front"
GROUND,Ground,item-71,[71],Asceno,1990 EUR,/mock/GROUND/P01130192 Background Removed.png,Verdant Cascade,"Crinkled linen, in varying shades of emerald and chartreuse, falls in a fluid drape, gathering at the neckline and expanding to a voluminous hem. Tiered ruffles accentuate the silhouette, creating a sense of airy movement.","Emerald, Chartreuse, Lime","Crinkled Linen, Fluid Drape","Gathered Neckline, Voluminous Hem","Tiered Ruffle, Halter Style"
GROUND,Ground,item-72,[72],Brunello Cucinelli,1190 EUR,/mock/GROUND/P01158548 Background Removed.png,Coastal Drift,"Smooth suede, in tones of stone and taupe, forms a low profile with a rounded toe. Shearling, both as trim and lining, offers a soft nap, while signature Monili beads provide subtle texture and a delicate sheen.","Stone, Taupe, Sand","Suede Grain, Soft Nap","Low Profile, Rounded Toe","Shearling Trim, Lace Closure"
GROUND,Ground,item-73,[73],Winnie New York,2580 EUR,/mock/GROUND/P01166664 Background Removed.png,Washed Horizon,"Pale indigo and sky blue cotton composes a relaxed form, marked by patchwork panels and raw edges. Visible topstitching delineates the straight legs, and utility pockets punctuate the faded denim surface.","Pale Indigo, Sky Blue","Faded Denim, Raw Edge","Straight Leg, Relaxed Fit","Patchwork Panels, Utility Pockets"
GROUND,Ground,item-74,[74],Balenciaga,1130 EUR,/mock/GROUND/P01170520 Background Removed.png,Rosy Bloom,"A compact silhouette is constructed from a bouclé knit, its surface dense with a subtle sheen in shades of pale rose and cream. The defined waist contrasts with the textured surface, creating a contained form.","Pale Rose, Cream, Blush","Bouclé Knit, Dense Pile","Compact Silhouette, Defined Waist","Textured Surface, Subtle Sheen"
GROUND,Ground,item-75,[75],Zegna,1990 EUR,/mock/GROUND/P01100969%20Background%20Removed.png,Urban Drift,"A streamlined profile is achieved through the combination of fabric and smooth leather, presented in charcoal, stone, and off-white. A low profile is emphasized by minimalist lines and a contrasting sole, while triple-crossed elastics define the structure.","Charcoal, Stone, Off White","Suede Upper, Smooth Leather","Streamlined Profile, Low Profile","Contrast Sole, Minimalist Lines"
ARTIFACTS,Artifacts,item-76,[76],Givenchy,4140 EUR,/mock/ARTIFACTS/P01123273 Background Removed.png,Ebony Geometry,"Dark brown calfskin defines an architectural form with rigid volume, its smooth, fine grain surface accented by gold-toned hardware. Sculpted handles and an adjustable, detachable shoulder strap complete the structure.","Deep Espresso, Polished Ebony","Smooth Calfskin, Fine Grain","Architectural Form, Rigid Volume","Gold Hardware, Sculpted Handles"
ARTIFACTS,Artifacts,item-77,[77],Dolce&Gabbana,3490 EUR,/mock/ARTIFACTS/P01132479 Background Removed.png,Shadow Play,"Stretch-fused fabric, in jet black, adheres to the body in a second skin fit, punctuated by asymmetric lines and exposed zippers. Cutout details disrupt the surface, revealing glimpses of the form beneath.","Jet Black, Onyx","Stretch Knit, Supple Finish","Second Skin Fit, Cutout Details","Asymmetric Lines, Exposed Zippers"
ARTIFACTS,Artifacts,item-78,[78],Valentino Garavani,2050 EUR,/mock/ARTIFACTS/P01133354 Background Removed.png,Nocturnal Garden,"Jet black calf leather forms a delicate structure, secured by a buckle around the ankle. A glossy sheen coats the surface, punctuated by crystal embellishments arranged in a floral motif, evoking a sense of contained opulence.","Jet, Crimson, Pearl","Patent Leather, Glossy Sheen","Delicate Straps, Stiletto Heel","Crystal Embellishments, Floral Motif"
ARTIFACTS,Artifacts,item-79,[79],Oscar de la Renta,3720 EUR,/mock/ARTIFACTS/P01137970 Background Removed.png,Solar Radiance,"A luminous yellow wool-blend fabric drapes with a smooth satin surface and a crepe-like backing. The fitted bodice gives way to flared sleeves, creating a volume that suggests a fleeting, honeyed warmth.","Lemon, Butter, Honeyed Gold","Smooth Satin, Crepe Back","Fitted Bodice, Flared Sleeves","Draped Volume, Keyhole Neckline"
ARTIFACTS,Artifacts,item-80,[80],Fusalp,3500 EUR,/mock/ARTIFACTS/P01146020 Background Removed.png,Subtle Descent,"Sleek jersey, a fine gauge knit, clings to a streamlined form in shades of onyx and charcoal. A metallic zip bisects the structure, offering a minimalist point of access.","Onyx, Charcoal, Graphite","Fine Gauge Knit, Sleek Jersey","Streamlined Silhouette, Fitted Form","Metallic Zip, Minimalist Closure"
ARTIFACTS,Artifacts,item-81,[81],Isabel Marant,1990 EUR,/mock/ARTIFACTS/P01151191 Background Removed.png,Worn Horizon,"Organic cotton, washed to an ink wash and stone grey, exhibits a distressed surface with raw edges. Exposed hardware punctuates the low rise and relaxed waist, suggesting a casual, utilitarian strength.","Ink Wash, Stone Grey, Faded Black","Distressed Denim, Raw Edge","Low Rise, Relaxed Waist","Exposed Hardware, Zippered Fly"
ARTIFACTS,Artifacts,item-82,[82],Victoria Beckham,4140 EUR,/mock/ARTIFACTS/P01156567 Background Removed.png,Verdant Field,"A textured weave of viscose and a trace of elastane creates a crisp twill, dyed in shades of lime and chartreuse. A pressed crease defines the straight leg and high waist, establishing a tailored formality.","Lime, Chartreuse, Jade","Textured Weave, Crisp Twill","Straight Leg, High Waist","Pressed Crease, Tailored Finish"
ARTIFACTS,Artifacts,item-83,[83],Loro Piana,3490 EUR,/mock/ARTIFACTS/P01173315 Background Removed.png,Ivory Cascade,"Cotton, silk, wool, linen, viscose, and polyester intertwine in a quilted texture, draping softly in shades of ecru and cream. A braided drawstring cinches the gathered waist, offering a delicate relief to the volume.","Ecru, Cream, Pearl","Quilted Texture, Soft Drape","Wide Leg, Gathered Waist","Braided Drawstring, Delicate Relief"
ARTIFACTS,Artifacts,item-84,[84],Alex Perry,2050 EUR,/mock/ARTIFACTS/P01118119 Background Removed.png,Burnt Horizon,"Grained leather, in shades of umber and sable, forms a compact silhouette with a defined waist. Subtle creasing and a raw edge suggest a history of wear, a suppleness earned over time.","Charcoal, Umber, Sable","Distressed Grain, Supple Sheen","Defined Waist, Compact Form","Subtle Creasing, Raw Edge"
